element_type,h,n_nodes,thermal_dofs,mechanical_dofs,total_sequential_unknowns,n_elements,n_T3,n_Q4,wall_time_s,L2_error,H1_seminorm_error,energy_error,relative_energy_error,reference_type,reference_h,L2_order,H1_order,energy_order
Hybrid,1.2500000000e-01,65,65,130,195,57,18,39,1.1544639996e-01,5.2331356983e-06,4.4894206658e-05,1.2662799997e+01,1.0195712751e-01,Q4,7.8125000000e-03,,,
Hybrid,6.2500000000e-02,225,225,450,675,216,48,168,5.2752860001e-01,1.7485970797e-06,2.6691865751e-05,6.8465192061e+00,5.5126151549e-02,Q4,7.8125000000e-03,1.5814777747e+00,7.5012913257e-01,8.8715384020e-01
Hybrid,3.1250000000e-02,833,833,1666,2499,885,234,651,1.7156605000e+00,5.6865733991e-07,1.7029975608e-05,3.6672859930e+00,2.9527904229e-02,Q4,7.8125000000e-03,1.6205664107e+00,6.4832378416e-01,9.0065792446e-01
Hybrid,1.5625000000e-02,3201,3201,6402,9603,3534,924,2610,6.9926535000e+00,1.6242530200e-07,7.1974691766e-06,1.8355944848e+00,1.4779664923e-02,Q4,7.8125000000e-03,1.8077831913e+00,1.2425147581e+00,9.9846540170e-01
Q4,1.2500000000e-01,65,65,130,195,48,0,48,1.8208870001e-01,5.0133395859e-06,4.2474207277e-05,1.1778079302e+01,9.4833617639e-02,Q4,7.8125000000e-03,,,
Q4,6.2500000000e-02,225,225,450,675,192,0,192,4.2301160004e-01,1.6249638008e-06,2.5985433451e-05,6.4484204199e+00,5.1920777642e-02,Q4,7.8125000000e-03,1.6253643808e+00,7.0888389760e-01,8.6908658040e-01
Q4,3.1250000000e-02,833,833,1666,2499,768,0,768,1.9520701000e+00,4.9770134395e-07,1.7656856858e-05,3.4190858948e+00,2.7529470308e-02,Q4,7.8125000000e-03,1.7070553918e+00,5.5747457607e-01,9.1533514000e-01
Q4,1.5625000000e-02,3201,3201,6402,9603,3072,0,3072,7.7026455000e+00,1.2398651190e-07,6.5123939049e-06,1.6332822430e+00,1.3150706475e-02,Q4,7.8125000000e-03,2.0050970998e+00,1.4389686787e+00,1.0658365462e+00
T3,1.2500000000e-01,65,65,130,195,96,96,0,9.4002700003e-02,4.0713893454e-06,4.4648093805e-05,1.4145135900e+01,1.1389245861e-01,Q4,7.8125000000e-03,,,
T3,6.2500000000e-02,225,225,450,675,384,384,0,2.5334010000e-01,1.3933971166e-06,2.5362179494e-05,7.7596401027e+00,6.2478331454e-02,Q4,7.8125000000e-03,1.5469147094e+00,8.1591985405e-01,8.6624439161e-01
T3,3.1250000000e-02,833,833,1666,2499,1536,1536,0,1.0873856000e+00,5.3660378170e-07,1.2266995648e-05,4.0857226526e+00,3.2897032690e-02,Q4,7.8125000000e-03,1.3766773559e+00,1.0478967716e+00,9.2539846657e-01
T3,1.5625000000e-02,3201,3201,6402,9603,6144,6144,0,4.5305612000e+00,1.8851826652e-07,8.4476349718e-06,2.1933050882e+00,1.7659845105e-02,Q4,7.8125000000e-03,1.5091529014e+00,5.3816255561e-01,8.9748476973e-01
