element_type,h,L2_error_hybrid_ref,H1_seminorm_error_hybrid_ref,energy_error_hybrid_ref,relative_energy_error_hybrid_ref,reference_type,reference_h
T3,1.2500000000e-01,4.0541763457e-06,4.4879596611e-05,1.4140051686e+01,1.1385509115e-01,Hybrid,7.8125000000e-03
T3,6.2500000000e-02,1.3745445220e-06,2.5158796643e-05,7.7331217453e+00,6.2266765409e-02,Hybrid,7.8125000000e-03
T3,3.1250000000e-02,5.1514657923e-07,1.2700395735e-05,4.0815657455e+00,3.2864592741e-02,Hybrid,7.8125000000e-03
T3,1.5625000000e-02,1.6620927089e-07,8.3751332898e-06,2.1168078653e+00,1.7044446358e-02,Hybrid,7.8125000000e-03
Q4,1.2500000000e-01,5.0042480470e-06,4.2469982492e-05,1.1776440356e+01,9.4823393857e-02,Hybrid,7.8125000000e-03
Q4,6.2500000000e-02,1.6148741440e-06,2.6067868142e-05,6.4473298096e+00,5.1913623759e-02,Hybrid,7.8125000000e-03
Q4,3.1250000000e-02,4.8625948305e-07,1.7929373457e-05,3.4237015850e+00,2.7567498669e-02,Hybrid,7.8125000000e-03
Q4,1.5625000000e-02,1.1222089089e-07,6.9339103609e-06,1.6626001829e+00,1.3387185534e-02,Hybrid,7.8125000000e-03
Hybrid,1.2500000000e-01,5.2205072090e-06,4.5045439076e-05,1.2659808109e+01,1.0193623321e-01,Hybrid,7.8125000000e-03
Hybrid,6.2500000000e-02,1.7349383052e-06,2.6508395801e-05,6.8151064966e+00,5.4874945906e-02,Hybrid,7.8125000000e-03
Hybrid,3.1250000000e-02,5.5288531653e-07,1.7256835928e-05,3.6293642581e+00,2.9223485713e-02,Hybrid,7.8125000000e-03
Hybrid,1.5625000000e-02,1.4422207856e-07,7.1227427109e-06,1.7354857331e+00,1.3974056865e-02,Hybrid,7.8125000000e-03
