topology,mesh_level,h,n_nodes,n_T3,n_Q4,n_elements,thermal_DOF,mechanical_DOF,total_sequential_unknowns
Mixed_T3_Q4,1/8,1.2500000000e-01,65,18,39,57,65,130,195
Q4,1/8,1.2500000000e-01,65,0,48,48,65,130,195
T3,1/8,1.2500000000e-01,65,96,0,96,65,130,195
Mixed_T3_Q4,1/16,6.2500000000e-02,225,48,168,216,225,450,675
Q4,1/16,6.2500000000e-02,225,0,192,192,225,450,675
T3,1/16,6.2500000000e-02,225,384,0,384,225,450,675
Mixed_T3_Q4,1/32,3.1250000000e-02,833,234,651,885,833,1666,2499
Q4,1/32,3.1250000000e-02,833,0,768,768,833,1666,2499
T3,1/32,3.1250000000e-02,833,1536,0,1536,833,1666,2499
Mixed_T3_Q4,1/64,1.5625000000e-02,3201,924,2610,3534,3201,6402,9603
Q4,1/64,1.5625000000e-02,3201,0,3072,3072,3201,6402,9603
T3,1/64,1.5625000000e-02,3201,6144,0,6144,3201,6402,9603
Mixed_T3_Q4,1/128,7.8125000000e-03,12545,3744,10416,14160,12545,25090,37635
Q4,1/128,7.8125000000e-03,12545,0,12288,12288,12545,25090,37635
T3,1/128,7.8125000000e-03,12545,24576,0,24576,12545,25090,37635
