topology,h,mesh_level,n_nodes,n_T3,n_Q4,n_elements,thermal_DOF,mechanical_DOF,total_sequential_unknowns,Q4_fraction_of_elements,domain_area,reference_mesh
Mixed_T3_Q4,1.2500000000e-01,1/8,65,18,39,57,65,130,195,6.8421052632e-01,7.5000000000e-01,False
Q4,1.2500000000e-01,1/8,65,0,48,48,65,130,195,1.0000000000e+00,7.5000000000e-01,False
T3,1.2500000000e-01,1/8,65,96,0,96,65,130,195,0.0000000000e+00,7.5000000000e-01,False
Mixed_T3_Q4,6.2500000000e-02,1/16,225,48,168,216,225,450,675,7.7777777778e-01,7.5000000000e-01,False
Q4,6.2500000000e-02,1/16,225,0,192,192,225,450,675,1.0000000000e+00,7.5000000000e-01,False
T3,6.2500000000e-02,1/16,225,384,0,384,225,450,675,0.0000000000e+00,7.5000000000e-01,False
Mixed_T3_Q4,3.1250000000e-02,1/32,833,234,651,885,833,1666,2499,7.3559322034e-01,7.5000000000e-01,False
Q4,3.1250000000e-02,1/32,833,0,768,768,833,1666,2499,1.0000000000e+00,7.5000000000e-01,False
T3,3.1250000000e-02,1/32,833,1536,0,1536,833,1666,2499,0.0000000000e+00,7.5000000000e-01,False
Mixed_T3_Q4,1.5625000000e-02,1/64,3201,924,2610,3534,3201,6402,9603,7.3853989813e-01,7.5000000000e-01,False
Q4,1.5625000000e-02,1/64,3201,0,3072,3072,3201,6402,9603,1.0000000000e+00,7.5000000000e-01,False
T3,1.5625000000e-02,1/64,3201,6144,0,6144,3201,6402,9603,0.0000000000e+00,7.5000000000e-01,False
Mixed_T3_Q4,7.8125000000e-03,1/128,12545,3744,10416,14160,12545,25090,37635,7.3559322034e-01,7.5000000000e-01,True
Q4,7.8125000000e-03,1/128,12545,0,12288,12288,12545,25090,37635,1.0000000000e+00,7.5000000000e-01,True
T3,7.8125000000e-03,1/128,12545,24576,0,24576,12545,25090,37635,0.0000000000e+00,7.5000000000e-01,True
