topology,mesh_level,h,n_nodes,n_T3,n_Q4,thermal_DOF,mechanical_DOF,total_sequential_unknowns,temperature_L2_error,temperature_order,displacement_L2_error,displacement_order,engineering_strain_L2_error,strain_order,stress_L2_error,stress_order,wall_time_s
Mixed_T3_Q4,1/8,1.2500000000e-01,81,64,32,81,162,243,5.9373581416e-15,,4.5035339827e-07,,1.2899297680e-05,,9.9211237485e+05,,2.2866859997e-01
Mixed_T3_Q4,1/16,6.2500000000e-02,289,256,128,289,578,867,4.6056104928e-14,-2.9554993600e+00,1.0632318483e-07,2.0826013226e+00,6.3558548506e-06,1.0211344351e+00,4.8695207124e+05,1.0267237609e+00,5.7655599999e-01
Mixed_T3_Q4,1/32,3.1250000000e-02,1089,1024,512,1089,2178,3267,1.2035289559e-13,-1.3858065429e+00,2.5882700963e-08,2.0383961439e+00,3.1520918103e-06,1.0117766216e+00,2.4099605642e+05,1.0147702417e+00,2.8368422000e+00
Mixed_T3_Q4,1/64,1.5625000000e-02,4225,4096,2048,4225,8450,12675,1.3042093945e-13,-1.1590466462e-01,6.3924750224e-09,2.0175416527e+00,1.5692800574e-06,1.0062067145e+00,1.1985165733e+05,1.0077596799e+00,2.0411512600e+01
Q4,1/8,1.2500000000e-01,81,0,64,81,162,243,2.1192177191e-14,,3.6828478187e-07,,1.0206207262e-05,,8.4427158259e+05,,3.1363110000e-01
Q4,1/16,6.2500000000e-02,289,0,256,289,578,867,9.1337151497e-14,-2.1076699861e+00,9.2071195467e-08,2.0000000000e+00,5.1031036308e-06,1.0000000000e+00,4.2213579129e+05,1.0000000000e+00,7.8521480004e-01
Q4,1/32,3.1250000000e-02,1089,0,1024,1089,2178,3267,8.8214607674e-14,5.0184222551e-02,2.3017798866e-08,2.0000000000e+00,2.5515518154e-06,1.0000000000e+00,2.1106789565e+05,1.0000000000e+00,3.4987777000e+00
Q4,1/64,1.5625000000e-02,4225,0,4096,4225,8450,12675,4.3877120683e-13,-2.3143793758e+00,5.7544497165e-09,2.0000000000e+00,1.2757759077e-06,1.0000000000e+00,1.0553394782e+05,1.0000000000e+00,2.2138795900e+01
T3,1/8,1.2500000000e-01,81,128,0,81,162,243,7.8126892004e-15,,5.7252195999e-07,,1.6925080010e-05,,1.3015220369e+06,,1.9586709997e-01
T3,1/16,6.2500000000e-02,289,512,0,289,578,867,1.6373186341e-14,-1.0674439800e+00,1.4313049000e-07,2.0000000000e+00,8.4625400048e-06,1.0000000000e+00,6.5076101847e+05,1.0000000000e+00,4.0384599997e-01
T3,1/32,3.1250000000e-02,1089,2048,0,1089,2178,3267,1.0666363345e-13,-2.7036613656e+00,3.5782622499e-08,2.0000000000e+00,4.2312700024e-06,1.0000000000e+00,3.2538050923e+05,1.0000000000e+00,2.4151258000e+00
T3,1/64,1.5625000000e-02,4225,8192,0,4225,8450,12675,1.6504586929e-13,-6.2979865297e-01,8.9456556226e-09,2.0000000003e+00,2.1156350012e-06,1.0000000000e+00,1.6269025462e+05,1.0000000000e+00,1.7280910100e+01
