topology,h,mesh_level,n_nodes,n_T3,n_Q4,n_elements,thermal_DOF,mechanical_DOF,total_sequential_unknowns,wall_time_s,temperature_L2_error,displacement_L2_error,engineering_strain_L2_error,stress_L2_error,temperature_relative_L2_error,displacement_relative_L2_error,engineering_strain_relative_error,stress_relative_L2_error,temperature_order,displacement_order,strain_order,stress_order
Mixed_T3_Q4,1.2500000000e-01,1/8,81,64,32,96,81,162,243,2.2866859997e-01,5.9373581416e-15,4.5035339827e-07,1.2899297680e-05,9.9211237485e+05,2.1443217749e-16,4.2512304353e-03,5.0595208141e-02,7.9450703877e-02,,,,
Mixed_T3_Q4,6.2500000000e-02,1/16,289,256,128,384,289,578,867,5.7655599999e-01,4.6056104928e-14,1.0632318483e-07,6.3558548506e-06,4.8695207124e+05,1.6633510445e-15,1.0036645492e-03,2.4929713776e-02,3.8996272797e-02,-2.9554993600e+00,2.0826013226e+00,1.0211344351e+00,1.0267237609e+00
Mixed_T3_Q4,3.1250000000e-02,1/32,1089,1024,512,1536,1089,2178,3267,2.8368422000e+00,1.2035289559e-13,2.5882700963e-08,3.1520918103e-06,2.4099605642e+05,4.3466358021e-15,2.4432627008e-04,1.2363521269e-02,1.9299533802e-02,-1.3858065429e+00,2.0383961439e+00,1.0117766216e+00,1.0147702417e+00
Mixed_T3_Q4,1.5625000000e-02,1/64,4225,4096,2048,6144,4225,8450,12675,2.0411512600e+01,1.3042093945e-13,6.3924750224e-09,1.5692800574e-06,1.1985165733e+05,4.7102508167e-15,6.0343376553e-05,6.1552227960e-03,9.5980039931e-03,-1.1590466462e-01,2.0175416527e+00,1.0062067145e+00,1.0077596799e+00
Q4,1.2500000000e-01,1/8,81,0,64,64,81,162,243,3.1363110000e-01,2.1192177191e-14,3.6828478187e-07,1.0206207262e-05,8.4427158259e+05,7.6537149897e-16,3.4765210728e-03,4.0032038451e-02,6.7611263805e-02,,,,
Q4,6.2500000000e-02,1/16,289,0,256,256,289,578,867,7.8521480004e-01,9.1337151497e-14,9.2071195467e-08,5.1031036308e-06,4.2213579129e+05,3.2987102704e-15,8.6912928341e-04,2.0016019226e-02,3.3805631902e-02,-2.1076699861e+00,2.0000000000e+00,1.0000000000e+00,1.0000000000e+00
Q4,3.1250000000e-02,1/32,1089,0,1024,1024,1089,2178,3267,3.4987777000e+00,8.8214607674e-14,2.3017798866e-08,2.5515518154e-06,2.1106789565e+05,3.1859372399e-15,2.1728230546e-04,1.0008009613e-02,1.6902815951e-02,5.0184222551e-02,2.0000000000e+00,1.0000000000e+00,1.0000000000e+00
Q4,1.5625000000e-02,1/64,4225,0,4096,4096,4225,8450,12675,2.2138795900e+01,4.3877120683e-13,5.7544497165e-09,1.2757759077e-06,1.0553394782e+05,1.5846553813e-14,5.4320576123e-05,5.0040048064e-03,8.4514079756e-03,-2.3143793758e+00,2.0000000000e+00,1.0000000000e+00,1.0000000000e+00
T3,1.2500000000e-01,1/8,81,128,0,128,81,162,243,1.9586709997e-01,7.8126892004e-15,5.7252195999e-07,1.6925080010e-05,1.3015220369e+06,2.8216117628e-16,5.4044743603e-03,6.6385625568e-02,1.0422896092e-01,,,,
T3,6.2500000000e-02,1/16,289,512,0,512,289,578,867,4.0384599997e-01,1.6373186341e-14,1.4313049000e-07,8.4625400048e-06,6.5076101847e+05,5.9133000162e-16,1.3511164213e-03,3.3192812784e-02,5.2114480460e-02,-1.0674439800e+00,2.0000000000e+00,1.0000000000e+00,1.0000000000e+00
T3,3.1250000000e-02,1/32,1089,2048,0,2048,1089,2178,3267,2.4151258000e+00,1.0666363345e-13,3.5782622499e-08,4.2312700024e-06,3.2538050923e+05,3.8522377519e-15,3.3777907142e-04,1.6596406392e-02,2.6057240230e-02,-2.7036613656e+00,2.0000000000e+00,1.0000000000e+00,1.0000000000e+00
T3,1.5625000000e-02,1/64,4225,8192,0,8192,4225,8450,12675,1.7280910100e+01,1.6504586929e-13,8.9456556226e-09,2.1156350012e-06,1.6269025462e+05,5.9607563319e-15,8.4444767306e-05,8.2982031960e-03,1.3028620115e-02,-6.2979865297e-01,2.0000000003e+00,1.0000000000e+00,1.0000000000e+00
