,,R2,R2,beta_hat,beta_hat,n_shells,n_shells,rel_beta_error_pct,rel_beta_error_pct
measure,,S_energy,S_vm,S_energy,S_vm,S_energy,S_vm,S_energy,S_vm
element_type,h,,,,,,,,
Hybrid,0.015625,0.9992349301101758,0.9999050270983816,0.6142127465223278,0.5831011553076015,5,5,34.83881830778999,28.00885553215389
Hybrid,0.03125,0.940082580791213,0.9256534086491146,0.48715349819346687,0.42841169516689165,5,5,6.945357944513651,5.950296452467238
Hybrid,0.0625,0.8335834943305862,0.8065772841106502,0.3438363453832823,0.28497178657411254,3,3,24.517218561068137,37.4398216737167
Hybrid,0.125,,,,,1,1,,
Q4,0.015625,0.998052844931102,0.9991780468142967,0.6052457746933788,0.5735320322860488,5,5,32.87028884945389,25.908135142071362
Q4,0.03125,0.9298888201961165,0.9142830932164782,0.46462027836401143,0.4040516325127102,5,5,1.9986147326923651,11.29808853394295
Q4,0.0625,0.7590642859200442,0.7124138525696161,0.2186701854815462,0.16539270572874287,3,3,51.99508708273754,63.69115241671228
Q4,0.125,,,,,1,1,,
T3,0.015625,0.9988035619456889,0.9997455982524046,0.6056615455015101,0.5733477624351901,5,5,32.961563484786225,25.867682173486436
T3,0.03125,0.9339305915328548,0.9203360350767158,0.4657400538060348,0.4091923314428169,5,5,2.24444030083209,10.169545088798879
T3,0.0625,0.8218531240803418,0.7872011321257992,0.26592514045584487,0.22666153392491442,3,3,41.62115341887369,50.240737328697726
T3,0.125,,,,,1,1,,
