measure,n_shells,beta_hat,slope,intercept,R2,stderr_slope,rmin,rmax,element_type,h,lambda_theory,beta_theory,abs_beta_error,rel_beta_error_pct
S_vm,1,,,,,,,,T3,0.125,0.544483736782464,0.455516263217536,,
S_energy,1,,,,,,,,T3,0.125,0.544483736782464,0.455516263217536,,
S_sigma_xx,1,,,,,,,,T3,0.125,0.544483736782464,0.455516263217536,,
S_sigma_yy,1,,,,,,,,T3,0.125,0.544483736782464,0.455516263217536,,
S_tau_xy,1,,,,,,,,T3,0.125,0.544483736782464,0.455516263217536,,
S_vm,3,0.22666153392491442,-0.22666153392491442,14.733681921759043,0.7872011321257992,0.11784729680170178,0.125,0.375,T3,0.0625,0.544483736782464,0.455516263217536,0.2288547292926216,50.240737328697726
S_energy,3,0.26592514045584487,-0.26592514045584487,2.173801451924766,0.8218531240803418,0.12380876670415955,0.125,0.375,T3,0.0625,0.544483736782464,0.455516263217536,0.18959112276169116,41.62115341887369
S_sigma_xx,3,0.25032974397482394,-0.25032974397482394,13.967781323309083,0.5475296397048862,0.22756407697881276,0.125,0.375,T3,0.0625,0.544483736782464,0.455516263217536,0.20518651924271208,45.04482843123503
S_sigma_yy,3,0.7018705706352613,-0.7018705706352613,13.532564126441804,0.9883754976639129,0.0761172750067969,0.125,0.375,T3,0.0625,0.544483736782464,0.455516263217536,0.24635430741772524,54.08243948912016
S_tau_xy,3,-0.05144139663481622,0.05144139663481622,14.179794564646953,0.32507247702982106,0.07412269823255543,0.125,0.375,T3,0.0625,0.544483736782464,0.455516263217536,0.5069576598523522,111.2929879322991
S_vm,5,0.4091923314428169,-0.4091923314428169,14.373607182124463,0.9203360350767158,0.06950636941031939,0.0625,0.375,T3,0.03125,0.544483736782464,0.455516263217536,0.04632393177471911,10.169545088798879
S_energy,5,0.4657400538060348,-0.4657400538060348,1.7793385997316633,0.9339305915328548,0.07151973066378917,0.0625,0.375,T3,0.03125,0.544483736782464,0.455516263217536,0.01022379058849876,2.24444030083209
S_sigma_xx,5,0.6224182034372082,-0.6224182034372082,13.228388040135869,0.8813898558330191,0.13182523412333727,0.0625,0.375,T3,0.03125,0.544483736782464,0.455516263217536,0.1669019402196722,36.64017153652462
S_sigma_yy,5,0.8397153882027723,-0.8397153882027723,13.181345313798664,0.991602124923053,0.044615674719398014,0.0625,0.375,T3,0.03125,0.544483736782464,0.455516263217536,0.38419912498523623,84.34366805510923
S_tau_xy,5,0.11470344010388689,-0.11470344010388689,13.871086304658977,0.38174501263633653,0.08427775223777366,0.0625,0.375,T3,0.03125,0.544483736782464,0.455516263217536,0.34081282311364913,74.81902417848269
S_vm,5,0.5733477624351901,-0.5733477624351901,13.973905411351236,0.9997455982524046,0.005280472551279344,0.03125,0.1875,T3,0.015625,0.544483736782464,0.455516263217536,0.11783149921765412,25.867682173486436
S_energy,5,0.6056615455015101,-0.6056615455015101,1.4337385722449358,0.9988035619456889,0.012102481871723704,0.03125,0.1875,T3,0.015625,0.544483736782464,0.455516263217536,0.15014528228397406,32.961563484786225
S_sigma_xx,5,0.8121217058613411,-0.8121217058613411,12.744694194735073,0.9912516237546537,0.04404861536974648,0.03125,0.1875,T3,0.015625,0.544483736782464,0.455516263217536,0.3566054426438051,78.28599578968378
S_sigma_yy,5,0.6487643150111209,-0.6487643150111209,13.591499533790516,0.9885054940081808,0.04039075191862623,0.03125,0.1875,T3,0.015625,0.544483736782464,0.455516263217536,0.19324805179358484,42.423963181595
S_tau_xy,5,0.49232479096767123,-0.49232479096767123,12.99381262221055,0.9805772291229735,0.04000421653630166,0.03125,0.1875,T3,0.015625,0.544483736782464,0.455516263217536,0.03680852775013521,8.080617690823688
S_vm,1,,,,,,,,Q4,0.125,0.544483736782464,0.455516263217536,,
S_energy,1,,,,,,,,Q4,0.125,0.544483736782464,0.455516263217536,,
S_sigma_xx,1,,,,,,,,Q4,0.125,0.544483736782464,0.455516263217536,,
S_sigma_yy,1,,,,,,,,Q4,0.125,0.544483736782464,0.455516263217536,,
S_tau_xy,1,,,,,,,,Q4,0.125,0.544483736782464,0.455516263217536,,
S_vm,3,0.16539270572874287,-0.16539270572874287,14.747307041917395,0.7124138525696161,0.10508340960936863,0.125,0.375,Q4,0.0625,0.544483736782464,0.455516263217536,0.29012355748879315,63.69115241671228
S_energy,3,0.2186701854815462,-0.2186701854815462,2.158907198146993,0.7590642859200442,0.12319721335451798,0.125,0.375,Q4,0.0625,0.544483736782464,0.455516263217536,0.2368460777359898,51.99508708273754
S_sigma_xx,3,0.18345779312390284,-0.18345779312390284,13.988440899793227,0.4561782907395167,0.2003074620681382,0.125,0.375,Q4,0.0625,0.544483736782464,0.455516263217536,0.27205847009363315,59.72530336720581
S_sigma_yy,3,0.9112708244255674,-0.9112708244255674,13.023377262179839,0.9832892409959151,0.11879684597201126,0.125,0.375,Q4,0.0625,0.544483736782464,0.455516263217536,0.4557545612080314,100.05231382713147
S_tau_xy,3,-0.1599707847798705,0.1599707847798705,14.301371754590356,0.8954053563557374,0.054674592350315965,0.125,0.375,Q4,0.0625,0.544483736782464,0.455516263217536,0.6154870479974065,135.1185671505816
S_vm,5,0.4040516325127102,-0.4040516325127102,14.358313133115358,0.9142830932164782,0.07142810678819857,0.0625,0.375,Q4,0.03125,0.544483736782464,0.455516263217536,0.05146463070482582,11.29808853394295
S_energy,5,0.46462027836401143,-0.46462027836401143,1.755369840358104,0.9298888201961165,0.07365727669566352,0.0625,0.375,Q4,0.03125,0.544483736782464,0.455516263217536,0.009104015146475408,1.9986147326923651
S_sigma_xx,5,0.6260853450737913,-0.6260853450737913,13.191270855040587,0.8772101876915724,0.13523909169718643,0.0625,0.375,Q4,0.03125,0.544483736782464,0.455516263217536,0.1705690818562553,37.4452232838937
S_sigma_yy,5,0.8821433333925812,-0.8821433333925812,13.060028374007308,0.9920591632856193,0.04556620665714804,0.0625,0.375,Q4,0.03125,0.544483736782464,0.455516263217536,0.4266270701750452,93.65792280643676
S_tau_xy,5,0.10035897684490179,-0.10035897684490179,13.878142640771514,0.29480921944195376,0.08961451942778825,0.0625,0.375,Q4,0.03125,0.544483736782464,0.455516263217536,0.3551572863726342,77.96808040704917
S_vm,5,0.5735320322860488,-0.5735320322860488,13.966437637227914,0.9991780468142967,0.009497278008963855,0.03125,0.1875,Q4,0.015625,0.544483736782464,0.455516263217536,0.11801576906851274,25.908135142071362
S_energy,5,0.6052457746933788,-0.6052457746933788,1.4274015964194882,0.998052844931102,0.015434573747861313,0.03125,0.1875,Q4,0.015625,0.544483736782464,0.455516263217536,0.1497295114758428,32.87028884945389
S_sigma_xx,5,0.811833919191097,-0.811833919191097,12.736687277431857,0.9906715310647345,0.0454827702432061,0.03125,0.1875,Q4,0.015625,0.544483736782464,0.455516263217536,0.356317655973561,78.22281765676459
S_sigma_yy,5,0.6462208301704777,-0.6462208301704777,13.590695667362944,0.986802950757148,0.04314629657853304,0.03125,0.1875,Q4,0.015625,0.544483736782464,0.455516263217536,0.1907045669529417,41.86558908037691
S_tau_xy,5,0.49321780408538646,-0.49321780408538646,12.982022179241062,0.982190452465533,0.038344820301468796,0.03125,0.1875,Q4,0.015625,0.544483736782464,0.455516263217536,0.037701540867850436,8.276661869665391
S_vm,1,,,,,,,,Hybrid,0.125,0.544483736782464,0.455516263217536,,
S_energy,1,,,,,,,,Hybrid,0.125,0.544483736782464,0.455516263217536,,
S_sigma_xx,1,,,,,,,,Hybrid,0.125,0.544483736782464,0.455516263217536,,
S_sigma_yy,1,,,,,,,,Hybrid,0.125,0.544483736782464,0.455516263217536,,
S_tau_xy,1,,,,,,,,Hybrid,0.125,0.544483736782464,0.455516263217536,,
S_vm,3,0.28497178657411254,-0.28497178657411254,14.602517096729732,0.8065772841106502,0.13955088990593284,0.125,0.375,Hybrid,0.0625,0.544483736782464,0.455516263217536,0.17054447664342348,37.4398216737167
S_energy,3,0.3438363453832823,-0.3438363453832823,2.0089233472272503,0.8335834943305862,0.15362978688370132,0.125,0.375,Hybrid,0.0625,0.544483736782464,0.455516263217536,0.11167991783425374,24.517218561068137
S_sigma_xx,3,0.36674654292425235,-0.36674654292425235,13.761282961804007,0.6552559353225016,0.2660167271182,0.125,0.375,Hybrid,0.0625,0.544483736782464,0.455516263217536,0.08876972029328367,19.487717006251184
S_sigma_yy,3,1.0394454647633125,-1.0394454647633125,12.883199689916065,0.9869187419071279,0.11967013133572732,0.125,0.375,Hybrid,0.0625,0.544483736782464,0.455516263217536,0.5839292015457764,128.1906374585172
S_tau_xy,3,-0.07443034818355007,0.07443034818355007,14.204924573602689,0.6615891884843461,0.053232635173536484,0.125,0.375,Hybrid,0.0625,0.544483736782464,0.455516263217536,0.5299466114010861,116.33977844343292
S_vm,5,0.42841169516689165,-0.42841169516689165,14.332971773306731,0.9256534086491146,0.07009822470281264,0.0625,0.375,Hybrid,0.03125,0.544483736782464,0.455516263217536,0.027104568050644373,5.950296452467238
S_energy,5,0.48715349819346687,-0.48715349819346687,1.7339179144014274,0.940082580791213,0.07100660441370864,0.0625,0.375,Hybrid,0.03125,0.544483736782464,0.455516263217536,0.03163723497593085,6.945357944513651
S_sigma_xx,5,0.6535449345334049,-0.6535449345334049,13.168790870532638,0.896053364574814,0.1285147886523993,0.0625,0.375,Hybrid,0.03125,0.544483736782464,0.455516263217536,0.19802867131586888,43.473457987448064
S_sigma_yy,5,0.8950453379024002,-0.8950453379024002,13.058070369509604,0.9924989683920796,0.04492415046220989,0.0625,0.375,Hybrid,0.03125,0.544483736782464,0.455516263217536,0.43952907468486413,96.49031443581258
S_tau_xy,5,0.12126642371463098,-0.12126642371463098,13.855327821346007,0.3524560553428594,0.09489909649474258,0.0625,0.375,Hybrid,0.03125,0.544483736782464,0.455516263217536,0.33424983950290504,73.37824497020887
S_vm,5,0.5831011553076015,-0.5831011553076015,13.952008380254501,0.9999050270983816,0.0032809812765375776,0.03125,0.1875,Hybrid,0.015625,0.544483736782464,0.455516263217536,0.12758489209006552,28.00885553215389
S_energy,5,0.6142127465223278,-0.6142127465223278,1.4143394264698128,0.9992349301101758,0.00981239334084423,0.03125,0.1875,Hybrid,0.015625,0.544483736782464,0.455516263217536,0.1586964833047918,34.83881830778999
S_sigma_xx,5,0.8190546020144452,-0.8190546020144452,12.73107814219037,0.9936396363995956,0.03783369388373089,0.03125,0.1875,Hybrid,0.015625,0.544483736782464,0.455516263217536,0.3635383387969092,79.80798231638508
S_sigma_yy,5,0.652162247573817,-0.652162247573817,13.584088024548072,0.989275478326379,0.03920354778243434,0.03125,0.1875,Hybrid,0.015625,0.544483736782464,0.455516263217536,0.196645984356281,43.16991515676596
S_tau_xy,5,0.5058199383698369,-0.5058199383698369,12.958668101638336,0.9796049656658463,0.04213781852202773,0.03125,0.1875,Hybrid,0.015625,0.544483736782464,0.455516263217536,0.05030367515230083,11.04322264961105
