element_type,h,rin_over_h,rout_over_h,rin,rout,r_rep,r_rep_over_h,physically_local,distinct_elements,quad_points,quadrature_area,exact_sector_area,area_coverage,resolved_shell,S_vm,S_energy,S_sigma_xx,S_sigma_yy,S_tau_xy
T3,0.125,1.5,2.0,0.1875,0.25,0.21650635094610965,1.7320508075688772,True,16,54,0.06093563606921696,0.06442719309119693,0.9458061595662307,True,4256524.512126784,16.186862183510403,2103507.2354924744,3082428.265561015,1556891.0512440286
T3,0.125,2.0,3.0,0.25,0.375,0.30618621784789724,2.449489742783178,True,43,177,0.19955160818133993,0.18407769454627693,1.0840618613417765,True,4277409.159929996,16.11670032068919,2475504.1295888373,2583201.403180791,1606280.7620409594
T3,0.125,3.0,4.0,0.375,0.5,0.4330127018922193,3.4641016151377544,False,60,228,0.2477442981760776,0.25770877236478773,0.9613343616622977,False,4576769.373710397,17.852392783754443,2962026.180848664,3591550.825250501,1281021.4033205723
T3,0.125,4.0,6.0,0.5,0.75,0.6123724356957945,4.898979485566356,False,27,141,0.16032955045598077,0.7363107781851077,0.21774711875217737,False,7776939.878657891,31.531868827760892,6061636.428568398,6795784.828151236,1478226.9158057987
T3,0.125,6.0,8.0,0.75,1.0,0.8660254037844386,6.928203230275509,False,0,0,,1.030835089459151,0.0,False,,,,,
T3,0.125,8.0,12.0,1.0,1.5,1.224744871391589,9.797958971132712,False,0,0,,2.945243112740431,0.0,False,,,,,
T3,0.125,12.0,16.0,1.5,2.0,1.7320508075688772,13.856406460551018,False,0,0,,4.123340357836604,0.0,False,,,,,
T3,0.0625,1.5,2.0,0.09375,0.125,0.10825317547305482,1.7320508075688772,True,16,54,0.015233909017304233,0.016106798272799233,0.9458061595662303,True,4593979.802571645,17.80086892959797,2403218.2971969084,3812604.4039758877,1406924.3496299423
T3,0.0625,2.0,3.0,0.125,0.1875,0.15309310892394862,2.449489742783178,True,43,177,0.049887902045334984,0.04601942363656923,1.0840618613417765,True,3924071.177592158,14.844641946402032,1949554.9837759903,2856196.98270554,1326541.2736651956
T3,0.0625,3.0,4.0,0.1875,0.25,0.21650635094610965,3.4641016151377544,True,59,226,0.06144412462001615,0.06442719309119693,0.9536986119050967,True,3379855.7877365462,12.568027029197744,1559305.598364429,2139451.0956446743,1291634.7158566015
T3,0.0625,4.0,6.0,0.25,0.375,0.30618621784789724,4.898979485566356,True,122,657,0.1848073487683423,0.18407769454627693,1.0039638383339375,True,3353551.311757152,12.345772874353543,1638999.1429255905,1755917.3141328967,1374694.4219868754
T3,0.0625,6.0,8.0,0.375,0.5,0.4330127018922193,6.928203230275509,False,168,920,0.2553690264216522,0.25770877236478773,0.9909209689617255,False,3699863.0395235233,14.147717622574833,2013451.4693571532,2774991.056215495,1200350.277206906
T3,0.0625,8.0,12.0,0.5,0.75,0.6123724356957945,9.797958971132712,False,101,582,0.16289796234800707,0.7363107781851077,0.22123533591281305,False,6562402.295218008,25.75037285025949,4392919.547480018,5516071.289554835,1263928.6324451251
T3,0.0625,12.0,16.0,0.75,1.0,0.8660254037844386,13.856406460551018,False,0,0,,1.030835089459151,0.0,False,,,,,
T3,0.03125,1.5,2.0,0.046875,0.0625,0.05412658773652741,1.7320508075688772,True,15,54,0.003863150478907372,0.004026699568199808,0.9593838361858337,True,7030477.181290953,27.633692011163927,4298066.670527243,5860298.7585050175,2055709.5709484785
T3,0.03125,2.0,3.0,0.0625,0.09375,0.07654655446197431,2.449489742783178,True,44,176,0.01231059084741829,0.011504855909142308,1.0700343354700954,True,5266854.345496158,20.587272758225694,2977025.5405703182,4445458.645226899,1547218.2997394034
T3,0.03125,3.0,4.0,0.09375,0.125,0.10825317547305482,3.4641016151377544,True,59,229,0.015696924682585763,0.016106798272799233,0.974552758203618,True,4321104.946421304,16.71199289588308,2260730.2603125097,3567305.7806094214,1307461.2692514374
T3,0.03125,4.0,6.0,0.125,0.1875,0.15309310892394862,4.898979485566356,True,122,650,0.045668338243251824,0.04601942363656923,0.9923709302382827,True,3525489.367592916,13.324613841308464,1588071.0139242988,2652252.390309155,1197917.0146398784
T3,0.03125,6.0,8.0,0.1875,0.25,0.21650635094610965,6.928203230275509,True,171,924,0.06413660110816426,0.06442719309119693,0.9954896066538031,True,3071490.570771366,11.266181658424557,1259969.9078995965,1810876.4356236786,1214914.9028124681
T3,0.03125,8.0,12.0,0.25,0.375,0.30618621784789724,9.797958971132712,True,431,2645,0.18485370922857713,0.18407769454627693,1.0042156910114122,True,3074158.1612388957,11.187170289491075,1356158.577477053,1456107.823834823,1315740.187551635
T3,0.03125,12.0,16.0,0.375,0.5,0.4330127018922193,13.856406460551018,False,623,3684,0.25654566200766404,0.25770877236478773,0.9954867257856581,False,3442368.5966458693,13.064267609970022,1726116.103252298,2543698.2145975623,1158956.6983732968
T3,0.015625,1.5,2.0,0.0234375,0.03125,0.027063293868263706,1.7320508075688772,True,16,54,0.0009536952345394446,0.001006674892049952,0.9473716311701965,True,9603854.306074869,38.10180226740417,5979267.892489105,8188790.621655051,2918793.964960173
T3,0.015625,2.0,3.0,0.03125,0.046875,0.038273277230987154,2.449489742783178,True,43,172,0.002991969200979371,0.002876213977285577,1.0402456926389871,True,7571374.361738936,29.941203658274215,4655809.252275475,6426673.97212001,2270518.0705117052
T3,0.015625,3.0,4.0,0.046875,0.0625,0.05412658773652741,3.4641016151377544,True,57,230,0.003988762107000104,0.004026699568199808,0.9905785220483522,True,6245866.39795033,24.610562265502082,3722175.020257794,5335111.963408808,1823983.5874672427
T3,0.015625,4.0,6.0,0.0625,0.09375,0.07654655446197431,4.898979485566356,True,125,652,0.011434163124917835,0.011504855909142308,0.9938553959490882,True,5146591.8992233025,20.1522845755497,2879762.1610158663,4400692.893692105,1505981.8077217
T3,0.015625,6.0,8.0,0.09375,0.125,0.10825317547305482,6.928203230275509,True,172,927,0.01608105854289533,0.016106798272799233,0.9984019338003773,True,4200929.521473745,16.248075883223912,2151128.418521301,3498600.85361583,1270405.89749773
T3,0.015625,8.0,12.0,0.125,0.1875,0.15309310892394862,9.797958971132712,True,430,2646,0.046252985512644194,0.04601942363656923,1.0050752890327241,True,3418307.921200753,12.90099844531547,1499263.3383633967,2578499.4393749456,1159185.2623320802
T3,0.015625,12.0,16.0,0.1875,0.25,0.21650635094610965,13.856406460551018,True,623,3684,0.06413720346239499,0.06442719309119693,0.9954989560325643,True,2989263.134689142,10.925977949176069,1155825.7481741018,1747315.6521161017,1192227.365213571
Q4,0.125,1.5,2.0,0.1875,0.25,0.21650635094610965,1.7320508075688772,True,9,60,0.06107458262264643,0.06442719309119693,0.9479628040941521,True,3823820.2440111754,14.224940175091028,2242945.8684076406,1890702.3842627204,1528300.098056989
Q4,0.125,2.0,3.0,0.25,0.375,0.30618621784789724,2.449489742783178,True,24,183,0.18185022533910114,0.18407769454627693,0.9878992986485073,True,3582916.143799731,13.296139004230032,2160435.077998858,1486903.3852057655,1516506.652587837
Q4,0.125,3.0,4.0,0.375,0.5,0.4330127018922193,3.4641016151377544,False,33,264,0.2556423611111117,0.25770877236478773,0.9919816029748844,False,4094474.7761631217,15.726585173024482,2734428.159112975,2695579.547015874,1347853.5515720402
Q4,0.125,4.0,6.0,0.5,0.75,0.6123724356957945,4.898979485566356,False,24,171,0.16299967120491912,0.7363107781851077,0.22137346896739463,False,7213693.367477923,29.305067052818845,5760260.586124164,6173794.75791193,1499835.5099711919
Q4,0.125,6.0,8.0,0.75,1.0,0.8660254037844386,6.928203230275509,False,0,0,,1.030835089459151,0.0,False,,,,,
Q4,0.125,8.0,12.0,1.0,1.5,1.224744871391589,9.797958971132712,False,0,0,,2.945243112740431,0.0,False,,,,,
Q4,0.125,12.0,16.0,1.5,2.0,1.7320508075688772,13.856406460551018,False,0,0,,4.123340357836604,0.0,False,,,,,
Q4,0.0625,1.5,2.0,0.09375,0.125,0.10825317547305482,1.7320508075688772,True,9,60,0.0152686456556616,0.016106798272799233,0.9479628040941517,True,4521259.309424375,17.500257532808043,2530970.1213805065,3606085.140199076,1407578.2497065552
Q4,0.0625,2.0,3.0,0.125,0.1875,0.15309310892394862,2.449489742783178,True,24,183,0.045462556334775285,0.04601942363656923,0.9878992986485073,True,3536781.2369245747,13.382375333274732,1745965.370476237,2564663.879545544,1217235.9387960755
Q4,0.0625,3.0,4.0,0.1875,0.25,0.21650635094610965,3.4641016151377544,True,33,264,0.06391059027777793,0.06442719309119693,0.9919816029748844,True,3135587.394443308,11.521329484508932,1452788.5099028356,1741406.800408471,1245085.3498216365
Q4,0.0625,4.0,6.0,0.25,0.375,0.30618621784789724,4.898979485566356,True,75,756,0.18600432273899428,0.18407769454627693,1.0104663859326692,True,3153697.489812995,11.500240463843488,1537479.475793174,1363674.1340807464,1359974.5180447416
Q4,0.0625,6.0,8.0,0.375,0.5,0.4330127018922193,6.928203230275509,False,102,1053,0.2554037806484512,0.25770877236478773,0.9910558274940141,False,3582081.579229994,13.628011463605981,1974613.2111403688,2541220.65981093,1219075.865892523
Q4,0.0625,8.0,12.0,0.5,0.75,0.6123724356957945,9.797958971132712,False,57,666,0.1618418144137821,0.7363107781851077,0.21980095797687108,False,6443851.129724921,25.339690086124353,4341638.05166196,5418441.98900183,1300732.4485042796
Q4,0.0625,12.0,16.0,0.75,1.0,0.8660254037844386,13.856406460551018,False,0,0,,1.030835089459151,0.0,False,,,,,
Q4,0.03125,1.5,2.0,0.046875,0.0625,0.05412658773652741,1.7320508075688772,True,9,60,0.0038171614139154027,0.004026699568199808,0.9479628040941523,True,6498599.790384338,25.620440909289034,3937691.169692209,5502484.505114957,1921001.5117021792
Q4,0.03125,2.0,3.0,0.0625,0.09375,0.07654655446197431,2.449489742783178,True,24,183,0.011365639083693825,0.011504855909142308,0.9878992986485077,True,5127219.367691481,20.0761972573763,2898083.375417837,4357098.4970629765,1511301.940243939
Q4,0.03125,3.0,4.0,0.09375,0.125,0.10825317547305482,3.4641016151377544,True,33,264,0.015977647569444465,0.016106798272799233,0.9919816029748832,True,4208495.893757501,16.281582538789063,2193096.0604124996,3487090.7890027585,1270204.6925514408
Q4,0.03125,4.0,6.0,0.125,0.1875,0.15309310892394862,4.898979485566356,True,75,756,0.046501080684748584,0.04601942363656923,1.0104663859326697,True,3425855.6617713952,12.934592667128546,1549421.522590481,2558029.4231746024,1165775.0222475906
Q4,0.03125,6.0,8.0,0.1875,0.25,0.21650635094610965,6.928203230275509,True,102,1053,0.0638509451621128,0.06442719309119693,0.9910558274940141,True,3001052.045154145,10.973312381543368,1208457.5587914607,1724287.5790938472,1198885.1458442044
Q4,0.03125,8.0,12.0,0.25,0.375,0.30618621784789724,9.797958971132712,True,228,3012,0.18421581154310837,0.18407769454627693,1.0007503190279077,True,3014598.206561294,10.931991604862002,1319312.9638552275,1343523.123939566,1307289.1320226663
Q4,0.03125,12.0,16.0,0.375,0.5,0.4330127018922193,13.856406460551018,False,330,4221,0.25750100588158553,0.25770877236478773,0.9991937935162405,False,3410521.7459279583,12.928291093389735,1712265.8429911453,2490833.5667526512,1161058.708026913
Q4,0.015625,1.5,2.0,0.0234375,0.03125,0.027063293868263706,1.7320508075688772,True,9,60,0.0009542903534788507,0.001006674892049952,0.9479628040941523,True,9233980.99037461,36.577475646764434,5899695.627044062,7712125.466148122,2797497.7414101395
Q4,0.015625,2.0,3.0,0.03125,0.046875,0.038273277230987154,2.449489742783178,True,24,183,0.002841409770923454,0.002876213977285577,0.9878992986485069,True,7470740.099012998,29.51754453727916,4593019.3800650295,6323265.324493585,2231807.0294754696
Q4,0.015625,3.0,4.0,0.046875,0.0625,0.05412658773652741,3.4641016151377544,True,33,264,0.003994411892361118,0.004026699568199808,0.9919816029748837,True,6263376.709739628,24.667024597155457,3716313.020255454,5348556.077607388,1830497.1451335743
Q4,0.015625,4.0,6.0,0.0625,0.09375,0.07654655446197431,4.898979485566356,True,75,756,0.011625270171187141,0.011504855909142308,1.0104663859326692,True,5105455.988843069,19.979920057944668,2854170.122083605,4359170.8979697265,1490120.0611374523
Q4,0.015625,6.0,8.0,0.09375,0.125,0.10825317547305482,6.928203230275509,True,102,1053,0.0159627362905282,0.016106798272799233,0.9910558274940141,True,4166913.046696105,16.115589461715444,2126386.995551115,3477943.1723378147,1254509.3201110985
Q4,0.015625,8.0,12.0,0.125,0.1875,0.15309310892394862,9.797958971132712,True,228,3012,0.04605395288577709,0.04601942363656923,1.0007503190279077,True,3390274.105159644,12.794481203748527,1487193.1097355445,2558991.2856121445,1146887.5530129825
Q4,0.015625,12.0,16.0,0.1875,0.25,0.21650635094610965,13.856406460551018,True,330,4221,0.06437525147039638,0.06442719309119693,0.9991937935162405,True,2963159.814413625,10.821034059705541,1136928.9291123014,1723656.5547786078,1183217.2535210084
Hybrid,0.125,1.5,2.0,0.1875,0.25,0.21650635094610965,1.7320508075688772,True,15,60,0.0639105902777777,0.06442719309119693,0.9919816029748809,True,4322936.880725622,16.418777179076585,2474894.328500344,2744632.806210395,1668321.7712398106
Hybrid,0.125,2.0,3.0,0.25,0.375,0.30618621784789724,2.449489742783178,True,24,183,0.18580675240619213,0.18407769454627693,1.0093930873274846,True,3658248.8958461084,13.595017199192354,2150751.625146787,1603574.9743660109,1561500.6970698107
Hybrid,0.125,3.0,4.0,0.375,0.5,0.4330127018922193,3.4641016151377544,False,33,264,0.2556423611111117,0.25770877236478773,0.9919816029748844,False,4135690.3380392296,15.900032396865505,2740810.733477272,2765065.706328213,1358297.2002588904
Hybrid,0.125,4.0,6.0,0.5,0.75,0.6123724356957945,4.898979485566356,False,24,171,0.16299967120491912,0.7363107781851077,0.22137346896739463,False,7282553.170325425,29.555140663149007,5783253.809310235,6238957.232607063,1502915.0373822553
Hybrid,0.125,6.0,8.0,0.75,1.0,0.8660254037844386,6.928203230275509,False,0,0,,1.030835089459151,0.0,False,,,,,
Hybrid,0.125,8.0,12.0,1.0,1.5,1.224744871391589,9.797958971132712,False,0,0,,2.945243112740431,0.0,False,,,,,
Hybrid,0.125,12.0,16.0,1.5,2.0,1.7320508075688772,13.856406460551018,False,0,0,,4.123340357836604,0.0,False,,,,,
Hybrid,0.0625,1.5,2.0,0.09375,0.125,0.10825317547305482,1.7320508075688772,True,18,54,0.014746093749999979,0.016106798272799233,0.9155198631190918,True,4681964.623303688,18.05019760678824,2571851.723427555,3761677.081543548,1371439.2368637603
Hybrid,0.0625,2.0,3.0,0.125,0.1875,0.15309310892394862,2.449489742783178,True,39,171,0.04730514516287206,0.04601942363656923,1.0279386707764226,True,3856418.8633791255,14.657388753487886,1988294.7915500002,2835933.3178288415,1297424.9106922739
Hybrid,0.0625,3.0,4.0,0.1875,0.25,0.21650635094610965,3.4641016151377544,True,39,252,0.06428868703589834,0.06442719309119693,0.9978501926181614,True,3213000.5967300413,11.86459320211991,1492551.960101261,1840966.6658804582,1289458.55515391
Hybrid,0.0625,4.0,6.0,0.25,0.375,0.30618621784789724,4.898979485566356,True,75,756,0.18600432273899428,0.18407769454627693,1.0104663859326692,True,3165185.320114989,11.549190716967606,1541981.1497510453,1379722.5143501537,1366117.326581084
Hybrid,0.0625,6.0,8.0,0.375,0.5,0.4330127018922193,6.928203230275509,False,102,1053,0.2554037806484512,0.25770877236478773,0.9910558274940141,False,3596731.178011343,13.68852938006467,1981764.3199961616,2556969.5367649677,1224727.2927053212
Hybrid,0.0625,8.0,12.0,0.5,0.75,0.6123724356957945,9.797958971132712,False,57,666,0.1618418144137821,0.7363107781851077,0.21980095797687108,False,6466929.055158988,25.423093065023938,4353603.808294677,5435160.421931988,1302226.1853818172
Hybrid,0.0625,12.0,16.0,0.75,1.0,0.8660254037844386,13.856406460551018,False,0,0,,1.030835089459151,0.0,False,,,,,
Hybrid,0.03125,1.5,2.0,0.046875,0.0625,0.05412658773652741,1.7320508075688772,True,18,54,0.0036865234374999943,0.004026699568199808,0.9155198631190917,True,6308162.529048488,24.765746112604898,3718376.0927177803,5342951.602762792,1824528.620795527
Hybrid,0.03125,2.0,3.0,0.0625,0.09375,0.07654655446197431,2.449489742783178,True,36,168,0.011737661051495164,0.011504855909142308,1.0202353809722953,True,5341519.91657668,20.893274211535957,3061864.263126588,4489630.730084958,1574241.8646830677
Hybrid,0.03125,3.0,4.0,0.09375,0.125,0.10825317547305482,3.4641016151377544,True,54,228,0.016083364176495165,0.016106798272799233,0.9985450804121858,True,4285850.415788268,16.561934293030294,2221754.177508389,3548126.0624643993,1282796.21417338
Hybrid,0.03125,4.0,6.0,0.125,0.1875,0.15309310892394862,4.898979485566356,True,132,654,0.045692468465012334,0.04601942363656923,0.9928952788687887,True,3527534.2201110194,13.341015837986728,1633730.1887635533,2648965.3762053777,1183718.9292890427
Hybrid,0.03125,6.0,8.0,0.1875,0.25,0.21650635094610965,6.928203230275509,True,135,996,0.06473699020355188,0.06442719309119693,1.0048084837704543,True,3035021.6894838735,11.125742684657808,1233968.0649229148,1768808.74103807,1214975.3090282304
Hybrid,0.03125,8.0,12.0,0.25,0.375,0.30618621784789724,9.797958971132712,True,228,3012,0.18421581154310837,0.18407769454627693,1.0007503190279077,True,3021276.900949672,10.959178193072887,1323854.9524181304,1348282.722852093,1311005.424956451
Hybrid,0.03125,12.0,16.0,0.375,0.5,0.4330127018922193,13.856406460551018,False,330,4221,0.25750100588158553,0.25770877236478773,0.9991937935162405,False,3417097.9496114408,12.95510217946061,1716515.6816578042,2496637.527579985,1163682.0501498014
Hybrid,0.015625,1.5,2.0,0.0234375,0.03125,0.027063293868263706,1.7320508075688772,True,18,54,0.0009216308593749991,0.001006674892049952,0.9155198631190923,True,8893401.495707363,35.08828702873219,5551820.387685308,7400446.83239446,2679352.6315068123
Hybrid,0.015625,2.0,3.0,0.03125,0.046875,0.038273277230987154,2.449489742783178,True,36,168,0.0029344152628737914,0.002876213977285577,1.0202353809722953,True,7672426.782860357,30.29343044856864,4742567.481541626,6451161.448910609,2297562.9848961835
Hybrid,0.015625,3.0,4.0,0.046875,0.0625,0.05412658773652741,3.4641016151377544,True,54,228,0.004020841044123791,0.004026699568199808,0.9985450804121858,True,6267976.850898046,24.67642829224604,3704930.4402316343,5356897.787871399,1827599.6939340718
Hybrid,0.015625,4.0,6.0,0.0625,0.09375,0.07654655446197431,4.898979485566356,True,132,654,0.011423117116253084,0.011504855909142308,0.9928952788687887,True,5155202.7026848355,20.176926199951904,2895467.969378268,4397163.095670974,1501452.3293253607
Hybrid,0.015625,6.0,8.0,0.09375,0.125,0.10825317547305482,6.928203230275509,True,180,936,0.016307217997248883,0.016106798272799233,1.0124431759220647,True,4194642.892081732,16.218123057083265,2140900.3038862073,3495629.6504183565,1263880.2822042517
Hybrid,0.015625,8.0,12.0,0.125,0.1875,0.15309310892394862,9.797958971132712,True,450,2628,0.04571601990762527,0.04601942363656923,0.9934070506545227,True,3414456.642249426,12.889858767776946,1509055.8674070444,2579472.410825327,1149972.7791035078
Hybrid,0.015625,12.0,16.0,0.1875,0.25,0.21650635094610965,13.856406460551018,True,456,3975,0.06459021400218685,0.06442719309119693,1.002530312173606,True,2973786.5399660007,10.867488650871133,1145218.5447418576,1734506.3385607984,1189229.0012382483
